accuracy,precision,recall,f1_score
0.98,0.9811320754716981,0.98,0.9799819837854068
